<Ui xmlns="http://www.blizzard.com/wow/ui/" xmlns:xsi="http://www.w3.org/2001/XMLSchema-instance" xsi:schemaLocation="http://www.blizzard.com/wow/ui/
..\FrameXML\UI.xsd">
  <Script file="HereBeDragons\LibStub\LibStub.lua"/>
  <Script file="HereBeDragons\CallbackHandler-1.0\CallbackHandler-1.0.lua"/>
  <Include file="mainline\AceEvent-3.0\AceEvent-3.0.xml"/>
  <Script file="mainline\AceDB-3.0\AceDB-3.0.lua"/>
  <Include file="mainline\AceAddon-3.0\AceAddon-3.0.xml"/>
  <Include file="mainline\AceGUI-3.0\AceGUI-3.0.xml"/>
  <Include file="mainline\AceConfig-3.0\AceConfig-3.0.xml"/>
  <Include file="mainline\AceComm-3.0\AceComm-3.0.xml"/>
  <Include file="mainline\AceSerializer-3.0\AceSerializer-3.0.xml"/>
  <Include file="mainline\AceConsole-3.0\AceConsole-3.0.xml"/>
  <Include file="mainline\AceLocale-3.0\AceLocale-3.0.xml"/>
  <Include file="mainline\AceDBOptions-3.0\AceDBOptions-3.0.xml"/>
  
  
  <Script file="HereBeDragons\HereBeDragons-2.0.lua"/>
  <Script file="HereBeDragons\HereBeDragons-Pins-2.0.lua"/>
  <Script file="plc\base64.lua"/>
  <Include file="LibDeflate\lib.xml"/>
  <Include file="LibCandyBar-3.0\lib.xml"/>
  <Script file="LibDataBroker-1.1\LibDataBroker-1.1.lua"/>
  <Include file="LibDBIcon-1.0\lib.xml"/>
</Ui>
